Workbook

Sheet Index
A1: Lookup and Reference Functions (VLOOKUP, HLOOKUP, INDEX, MATCH) VLookUp
A2: Array Formulas
A3: Error Handling Functions (IFERROR, ISERROR)
A4: Additional Efficiency Tool & Hands on

Sheet Notes
B2: MS Excel Function – VLOOKUP
B4: Function | C4: Explanation | D4: Syntax
B5: VLOOKUP | C5: Searches for a value in the first column of a table and returns a value in the same row from another column. | D5: "=VLOOKUP(lookup_value, table_array, col_index_num, [range_lookup])"
B22: MS Excel Function – HLOOKUP
B24: Function | C24: Explanation | D24: Syntax
B25: HLOOKUP | C25: Searches for a value in the first row of a table and returns a value in the same column from another row. | D25: "=HLOOKUP(lookup_value, table_array, row_index_num, [range_lookup])"
B40: MS Excel Functions – INDEX + MATCH
B73: Array Formulas
B75: Feature | C75: Explanation | D75: Syntax
B76: Definition | C76: Array formulas allow you to perform multiple calculations on one or more items in an array (a range of cells) simultaneously. They can return either a single value or multiple values. | D76: "=FORMULA(range)" (entered with Ctrl + Shift + Enter in older Excel versions; in modern Excel, dynamic arrays work directly)
B77: Types | C77: 1. Single-cell array formula → Returns one value (e.g., sum of a product). 2. Multi-cell array formula → Returns multiple values across a range. | D77: -
B78: Usage | C78: - Performing complex calculations (SUM, AVERAGE, MAX, etc.) across ranges. - Eliminating helper columns. - Advanced lookups and conditional calculations. | D78: Example: "=SUM(A1:A5*B1:B5)" → gives total of product of two ranges.
B79: Important Note | C79: In older Excel, press Ctrl + Shift + Enter (CSE) instead of just Enter to apply. Modern Excel handles array formulas automatically (Dynamic Arrays). | D79: -

Sheet V Lookup
A1: Product_ID | B1: Product_Name | C1: Category | D1: Price | E1: Stock | F1: Customer_Name | O1: Questions
A2: 101 | B2: Laptop | C2: Electronics | D2: 55000 | E2: 10 | F2: =VLOOKUP(A1,Orders!A1:E11,2,1) -> Customer_Name | O2: 1. Find the Product_Name for Product_ID 105.
A3: 102 | B3: Mouse | C3: Accessories | D3: 800 | E3: 50 | O3: 2. Find the Category for Product_ID 102.
A4: 103 | B4: Keyboard | C4: Accessories | D4: 1500 | E4: 40 | K4: Product_ID | L4: Category | O4: 3. Find the Price of Product_ID 107.
A5: 104 | B5: Monitor | C5: Electronics | D5: 12000 | E5: 15 | K5: 103 | L5: =VLOOKUP(K5,A1:E11,3,0) -> Accessories | O5: 4. Find the Stock of Product_ID 110.
A6: 105 | B6: Printer | C6: Electronics | D6: 7000 | E6: 8 | O6: 5. Find the Customer_Name of Product_ID 103.
A7: 106 | B7: Scanner | C7: Electronics | D7: 6000 | E7: 12 | O7: 6. Find the Product_Name for Product_ID 109.
A8: 107 | B8: Tablet | C8: Electronics | D8: 25000 | E8: 20 | O8: 7. If Product_ID is not found (e.g., 120), return "Not Found".
A9: 108 | B9: Speaker | C9: Accessories | D9: 2000 | E9: 30 | O9: 8. Find the Price of Product_ID 101, and if not found, return 0.
A10: 109 | B10: Camera | C10: Electronics | D10: 15000 | E10: 18 | O10: 9. Find the Category of Product_ID 108.
A11: 110 | B11: Hard Disk | C11: Accessories | D11: 5000 | E11: 25 | O11: 10. Find the Customer_Name for Product_ID 106.
B14: Product_Name | C14: Laptop | D14: Mouse | E14: Keyboard | F14: Monitor | G14: Printer | H14: Scanner | I14: Tablet | J14: Speaker | K14: Camera | L14: Hard Disk
A18: Top Products | B18: Product Code | C18: Quantity | D18: Price | G18: Vlookup
A19: Mobile | B19: 1000-165-B100 | C19: 25 | D19: 26.95 | G19: Product | H19: Price | I19: Unit | J19: Total
A20: Camera | B20: 1001-540-C101 | C20: 20 | D20: 28.95
A21: Watches | B21: 1002-394-M102 | C21: 35 | D21: 31.95
A22: Cosmetics | B22: 1003-307-Q103 | C22: 20 | D22: 35.95 | G22: Vlookup with Data Validation
A23: Shoes | B23: 1004-848-S104 | C23: 30 | D23: 18.95 | G23: Product | H23: Price | I23: Unit | J23: Total
A24: Laptop | B24: 1005-155-S105 | C24: 40 | D24: 20.95 | G24: Mobile | H24: =VLOOKUP(G24,Tab_vlp[],4,0) -> 26.95 | I24: =VLOOKUP(G24,Tab_vlp[],3,0) -> 25 | J24: =I24*H24 -> 673.75
A25: Perfumes | B25: 1006-552-T106 | C25: 1 | D25: 4.95 | G25: Camera | H25: =VLOOKUP(G25,Tab_vlp[],4,0) -> 28.95 | I25: =VLOOKUP(G25,Tab_vlp[],3,0) -> 20 | J25: =I25*H25 -> 579
A26: Clothes | B26: 1007-634-O107 | C26: 5 | D26: 5.95 | G26: Cosmetics | H26: =VLOOKUP(G26,Tab_vlp[],4,0) -> 35.95 | I26: =VLOOKUP(G26,Tab_vlp[],3,0) -> 20 | J26: =I26*H26 -> 719
G27: Shoes | H27: =VLOOKUP(G27,Tab_vlp[],4,0) -> 18.95 | I27: =VLOOKUP(G27,Tab_vlp[],3,0) -> 30 | J27: =I27*H27 -> 568.5
G28: Watches | H28: =VLOOKUP(G28,Tab_vlp[],4,0) -> 31.95 | I28: =VLOOKUP(G28,Tab_vlp[],3,0) -> 35 | J28: =I28*H28 -> 1118.25
G29: Total
J30: =SUM(J24:J28) -> 3658.5
G31: Vlookup with Name range
G32: Product | H32: Price | I32: Unit | J32: Total
H33: =VLOOKUP(G24,Tab_vlp[],4,TRUE) -> 20.95

Sheet Orders
A1: Order_ID | B1: Customer_Name | C1: Product_ID | D1: Quantity | E1: Customer_Name
A2: 1 | C2: 101 | D2: 1
A3: 2 | C3: 105 | D3: 2
A4: 3 | C4: 103 | D4: 1
A5: 4 | C5: 101 | D5: 3
A6: 5 | C6: 108 | D6: 2
A7: 6 | C7: 102 | D7: 5
A8: 7 | C8: 106 | D8: 1
A9: 8 | C9: 109 | D9: 2
A10: 9 | C10: 107 | D10: 1
A11: 10 | C11: 104 | D11: 1

Sheet Hlookup
A1: Product_ID | B1: 101 | C1: 102 | D1: 103 | E1: 104 | F1: 105 | G1: 106 | H1: 107 | I1: 108 | J1: 109 | K1: 110 | O1: Questions
A2: Product_Name | B2: Laptop | C2: Mouse | D2: Keyboard | E2: Monitor | F2: Printer | G2: Scanner | H2: Tablet | I2: Speaker | J2: Camera | K2: Hard Disk | O2: 1. Find the Product_Name for Product_ID 103.
A3: Category | B3: Electronics | C3: Accessories | D3: Accessories | E3: Electronics | F3: Electronics | G3: Electronics | H3: Electronics | I3: Accessories | J3: Electronics | K3: Accessories | O3: 2. Find the Category for Product_ID 109.
A4: Price | B4: 55000 | C4: 800 | D4: 1500 | E4: 12000 | F4: 7000 | G4: 6000 | H4: 25000 | I4: 2000 | J4: 15000 | K4: 5000 | O4: 3. Find the Price for Product_ID 102.
A5: Stock | B5: 10 | C5: 50 | D5: 40 | E5: 15 | F5: 8 | G5: 12 | H5: 20 | I5: 30 | J5: 18 | K5: 25 | O5: 4. Find the Stock for Product_ID 107.
A6: Customer_Name | B6: Ramesh | C6: Neha | D6: Aman | E6: Pooja | F6: Priya | G6: Arjun | H6: Ravi | I6: Vikas | J6: Kiran | K6: Raj | O6: 5. Find the Customer_Name for Product_ID 101.
O7: 6. Find the Product_Name for Product_ID 108.
O8: 7. If Product_ID is not found (say 120), return "Not Found".
O9: 8. Find the Price for Product_ID 110.
O10: 9. Find the Category for Product_ID 104.
O11: 10. Find the Customer_Name for Product_ID 106.
A14: Product_ID | B14: 110
A15: Customer_Name | B15: =HLOOKUP(B14,B1:K6,6,0) -> Raj

Sheet Array 
A1: Traditional Array Formulas (Ctrl+Shift+Enter)
A2: Dynamic Arrays: FILTER, UNIQUE, SORT
F4: Product | G4: Quantity | H4: Unit Price
F5: Pen | G5: 10 | H5: 5
F6: Pencil | G6: 15 | H6: 3
F7: Notebook | G7: 8 | H7: 20
F8: Eraser | G8: 25 | H8: 2
F9: Marker | G9: 12 | H9: 15
F10: Scale | G10: 18 | H10: 7
F11: Sharpener | G11: 10 | H11: 4

Sheet Error Handling
Q2: 3. Difference
Q3: Function | R3: Returns | S3: Usage
Q4: IFERROR | R4: Custom value if error, else normal value | S4: Best for replacing errors
Q5: ISERROR | R5: TRUE/FALSE | S5: Best for checking errors (often with IF)
Q7: IFERROR: =IFERROR(value, value_if_error)
Q8: ISERROR: =ISERROR(value)
O47: Returns | P47: Usage
O48: Custom value if error, else normal value | P48: Best for replacing errors
O49: TRUE/FALSE | P49: Best for checking errors (often with IF)

Sheet Index Match
A1: Fruit | B1: Price | F1: 🔹 1. INDEX Function
A2: Apple | B2: 50 | C2: =INDEX(B2:B6,3) -> 60 | D2: =MATCH(A2,A1:B6,0) -> #N/A
A3: Banana | B3: 20 | D3: =MATCH(A3,A2:B7,0) -> #N/A | F3: Purpose: Returns the value of a cell from a given range based on row and column number.
A4: Mango | B4: 60 | D4: =MATCH(A4,A3:B8,0) -> #N/A | F4: =INDEX(array, row_num, [column_num])
A5: Grapes | B5: 40 | D5: =MATCH(A5,A4:B9,0) -> #N/A
A6: Orange | B6: 30 | D6: =MATCH(A6,A5:B10,0) -> #N/A | F6: 🔹 2. MATCH Function
F8: Purpose: Returns the position (row or column number) of a value in a range.
F9: =MATCH(lookup_value, lookup_array, [match_type])
F12: EMP ID | G12: Name | H12: Department | I12: Salary | L12: EMP ID | M12: Name | N12: Department | O12: Salary
F13: 101 | G13: Rahul | H13: HR | I13: 45000 | L13: 101 | M13: =INDEX(G$13:G$17,MATCH($L13,$F$13:$F$17,0)) -> Rahul | N13: =INDEX(H$13:H$17,MATCH($L13,$F$13:$F$17,0)) -> HR | O13: =INDEX(I$13:I$17,MATCH($L13,$F$13:$F$17,0)) -> 45000
F14: 102 | G14: Priya | H14: Finance | I14: 55000 | L14: 102 | M14: =INDEX(G$13:G$17,MATCH($L14,$F$13:$F$17,0)) -> Priya | N14: =INDEX(H$13:H$17,MATCH($L14,$F$13:$F$17,0)) -> Finance | O14: =INDEX(I$13:I$17,MATCH($L14,$F$13:$F$17,0)) -> 55000
F15: 103 | G15: Amit | H15: IT | I15: 60000 | L15: 103 | M15: =INDEX(G$13:G$17,MATCH($L15,$F$13:$F$17,0)) -> Amit | N15: =INDEX(H$13:H$17,MATCH($L15,$F$13:$F$17,0)) -> IT | O15: =INDEX(I$13:I$17,MATCH($L15,$F$13:$F$17,0)) -> 60000
F16: 104 | G16: Sneha | H16: Marketing | I16: 50000 | L16: 104 | M16: =INDEX(G$13:G$17,MATCH($L16,$F$13:$F$17,0)) -> Sneha | N16: =INDEX(H$13:H$17,MATCH($L16,$F$13:$F$17,0)) -> Marketing | O16: =INDEX(I$13:I$17,MATCH($L16,$F$13:$F$17,0)) -> 50000
F17: 105 | G17: Karan | H17: IT | I17: 65000 | L17: 105 | M17: =INDEX(G$13:G$17,MATCH($L17,$F$13:$F$17,0)) -> Karan | N17: =INDEX(H$13:H$17,MATCH($L17,$F$13:$F$17,0)) -> IT | O17: =INDEX(I$13:I$17,MATCH($L17,$F$13:$F$17,0)) -> 65000
F18: 106 | G18: Priya | H18: Finance | I18: 55000
F19: 107 | G19: Sneha | H19: Marketing | I19: 50000
F20: 108 | G20: Karan | H20: IT | I20: 65000

Sheet Practice Sheet 1 
A1: Number1 | B1: Number2 | C1: LookupValue | J1: Questions (for students)
A2: 10 | B2: 2 | C2: Apple | D2: =IFERROR(A2/B2,0) -> 5 | E2: =A2/B2 -> 5 | F2: =ISERROR(A2/B2) -> FALSE | G2: =IFERROR(VLOOKUP(C2,'Index Match'!A1:B6,2,0),"Not Found") -> 50 | H2: =IF(A2="","Missing Data",IFERROR(A2/B2,"Error")) -> 5 | J2: 1. Divide Number1 by Number2. Show result, but if error occurs show "Error".
A3: 20 | B3: 0 | C3: Banana | D3: =IFERROR(A3/B3,0) -> 0 | E3: =A3/B3 -> #DIV/0! | F3: =ISERROR(A3/B3) -> TRUE | G3: =IFERROR(VLOOKUP(C3,'Index Match'!A2:B7,2,0),"Not Found") -> 20 | H3: =IF(A3="","Missing Data",IFERROR(A3/B3,"Error")) -> Error | J3: 2. Divide Number1 by Number2. If error, show 0 instead of error.
A4: 30 | B4: 5 | C4: Mango | D4: =IFERROR(A4/B4,0) -> 6 | E4: =A4/B4 -> 6 | F4: =ISERROR(A4/B4) -> FALSE | G4: =IFERROR(VLOOKUP(C4,'Index Match'!A3:B8,2,0),"Not Found") -> 60 | H4: =IF(A4="","Missing Data",IFERROR(A4/B4,"Error")) -> 6 | J4: 3. Check if Number1/Number2 has an error.
A5: 40 | C5: Grapes | D5: =IFERROR(A5/B5,0) -> 0 | E5: =A5/B5 -> #DIV/0! | F5: =ISERROR(A5/B5) -> TRUE | G5: =IFERROR(VLOOKUP(C5,'Index Match'!A4:B9,2,0),"Not Found") -> 40 | H5: =IF(A5="","Missing Data",IFERROR(A5/B5,"Error")) -> Error | J5: 4. If Number1/Number2 has error, show "Invalid Division", else show the result.
A6: 50 | B6: 10 | C6: Orange | D6: =IFERROR(A6/B6,0) -> 5 | E6: =A6/B6 -> 5 | F6: =ISERROR(A6/B6) -> FALSE | G6: =IFERROR(VLOOKUP(C6,'Index Match'!A5:B10,2,0),"Not Found") -> 30 | H6: =IF(A6="","Missing Data",IFERROR(A6/B6,"Error")) -> 5 | J6: 5. Perform a VLOOKUP for LookupValue from FruitPrices sheet. If not found, show "Not Found". | Q6: =IFERROR(VLOOKUP(C2,FruitPrices!A:B,2,FALSE),"Not Found")
A7: 60 | B7: 0 | C7: Pineapple | D7: =IFERROR(A7/B7,0) -> 0 | E7: =A7/B7 -> #DIV/0! | F7: =ISERROR(A7/B7) -> TRUE | G7: =IFERROR(VLOOKUP(C7,'Index Match'!A6:B11,2,0),"Not Found") -> Not Found | H7: =IF(A7="","Missing Data",IFERROR(A7/B7,"Error")) -> Error | J7: 6. Perform a VLOOKUP for LookupValue from FruitPrices sheet. If error, show 0.
B8: 15 | C8: Kiwi | D8: =IFERROR(A8/B8,0) -> 0 | E8: =A8/B8 -> 0 | F8: =ISERROR(A8/B8) -> FALSE | G8: =IFERROR(VLOOKUP(C8,'Index Match'!A7:B12,2,0),"Not Found") -> Not Found | H8: =IF(A8="","Missing Data",IFERROR(A8/B8,"Error")) -> Missing Data | J8: 7. Check if VLOOKUP for LookupValue returns error (TRUE/FALSE).
A9: 80 | B9: 20 | C9: Papaya | D9: =IFERROR(A9/B9,0) -> 4 | E9: =A9/B9 -> 4 | F9: =ISERROR(A9/B9) -> FALSE | G9: =IFERROR(VLOOKUP(C9,'Index Match'!A8:B13,2,0),"Not Found") -> Not Found | H9: =IF(A9="","Missing Data",IFERROR(A9/B9,"Error")) -> 4 | J9: 8. If Number1 is blank, show "Missing Data", else divide Number1/Number2 (handle error).
A10: 90 | B10: 0 | C10: Berry | D10: =IFERROR(A10/B10,0) -> 0 | E10: =A10/B10 -> #DIV/0! | F10: =ISERROR(A10/B10) -> TRUE | G10: =IFERROR(VLOOKUP(C10,'Index Match'!A9:B14,2,0),"Not Found") -> Not Found | H10: =IF(A10="","Missing Data",IFERROR(A10/B10,"Error")) -> Error | J10: 9. Add 100 to the VLOOKUP price of LookupValue. If not found, show "No Price".
A11: 100 | C11: Melon | D11: =IFERROR(A11/B11,0) -> 0 | E11: =A11/B11 -> #DIV/0! | F11: =ISERROR(A11/B11) -> TRUE | G11: =IFERROR(VLOOKUP(C11,'Index Match'!A10:B15,2,0),"Not Found") -> Not Found | H11: =IF(A11="","Missing Data",IFERROR(A11/B11,"Error")) -> Error | J11: 10. Multiply Number1 by Number2. If error, show "Error in Calculation".
G12: =IFERROR(VLOOKUP(C12,'Index Match'!A11:B16,2,0),"Not Found") -> Not Found | H12: =IF(A12="","Missing Data",IFERROR(A12/B12,"Error")) -> Missing Data

Sheet Sheet2
A1: 🔹 Solved Formulas & Answers
A3: =IFERROR(A2/B2,"Error") -> Error
A5: 👉 If 20/0 → "Error", if 20/2 → 10
A7: =IFERROR(A2/B2,0)
O8: 25 | P8: 78
A9: 👉 If 50/0 → 0, if 50/10 → 5 | O9: 45 | P9: 65
O10: 6 | P10: 41
A11: =ISERROR(A2/B2)
A13: 👉 If 40/0 → TRUE, if 40/20 → FALSE | P13: {=SUM(O8:O10+P8:P10)} -> 260
A15: =IF(ISERROR(A2/B2),"Invalid Division",A2/B2)
A17: 👉 If 30/0 → "Invalid Division", if 30/5 → 6
A19: =IFERROR(VLOOKUP(C2,FruitPrices!A:B,2,FALSE),"Not Found")
A21: 👉 If "Apple" → 50, if "Papaya" → "Not Found"
A23: =IFERROR(VLOOKUP(C2,FruitPrices!A:B,2,FALSE),0)
A25: 👉 If "Banana" → 20, if "Kiwi" → 0
A27: =ISERROR(VLOOKUP(C2,FruitPrices!A:B,2,FALSE))
A29: 👉 If "Mango" → FALSE, if "Melon" → TRUE
A31: =IF(A2="","Missing Data",IFERROR(A2/B2,"Error")) -> Missing Data
A33: 👉 If Number1 blank → "Missing Data"
A34: 👉 If 60/0 → "Error"
A35: 👉 If 60/20 → 3
A37: =IFERROR(VLOOKUP(C2,FruitPrices!A:B,2,FALSE)+100,"No Price")
A39: 👉 If "Orange" → 130, if "Berry" → "No Price"
A41: =IFERROR(A2*B2,"Error in Calculation")
A43: 👉 If 100*0 → 0, if 100*Blank → "Error in Calculation"
